firstName,lastName,email,company,country
Amelia,Rodriguez,amelia.rodriguez@pioneergroup.com,null,null
Elijah,Johnson,elijah.johnson@pioneergroup.com,null,null
Jackson,Moore,jackson.moore@blueoakpartners.com,null,null
Abigail,Garcia,abigail.garcia@acmetechnologies.com,null,null
Jackson,Wilson,jackson.wilson@crescentcorp.com,null,null
Emily,Williams,emily.williams@nimbustechnologies.com,null,null
Jackson,Lopez,jackson.lopez@acmeindustries.com,null,null
Ethan,Johnson,ethan.johnson@northstarcorp.com,null,null
Mia,Martin,mia.martin@vertextechnologies.com,null,null
Jackson,Martinez,jackson.martinez@crescentpartners.com,null,null
Evelyn,Jones,evelyn.jones@pioneerpartners.com,null,null
Isabella,Thomas,isabella.thomas@crescentpartners.com,null,null
Emily,Jackson,emily.jackson@blueoakgroup.com,null,null
Olivia,Thomas,olivia.thomas@blueoaksystems.com,null,null
Mateo,Johnson,mateo.johnson@vertexgroup.com,null,null
Lucas,Martin,lucas.martin@vertexsystems.com,null,null
Ethan,Taylor,ethan.taylor@blueoaktechnologie.com,null,null
Mateo,Anderson,mateo.anderson@pioneergroup.com,null,null
Amelia,Martinez,amelia.martinez@blueoakpartners.com,null,null
Abigail,Wilson,abigail.wilson@crescenttechnologi.com,null,null
Sophia,Garcia,sophia.garcia@northstartechnolog.com,null,null
Lucas,Hernandez,lucas.hernandez@pioneergroup.com,null,null
Avery,Wilson,avery.wilson@nimbuspartners.com,null,null
Avery,Lopez,avery.lopez@acmeindustries.com,null,null
Aiden,Lopez,aiden.lopez@nimbusindustries.com,null,null
Mateo,Hernandez,mateo.hernandez@vertexgroup.com,null,null
Jayden,Garcia,jayden.garcia@vertexcorp.com,null,null
Harper,Johnson,harper.johnson@northstartechnolog.com,null,null
Avery,Rodriguez,avery.rodriguez@apextechnologies.com,null,null
Harper,Johnson,harper.johnson@northstarindustrie.com,null,null
Emily,Brown,emily.brown@crescentsystems.com,null,null
Logan,Thomas,logan.thomas@crescentpartners.com,null,null
Isabella,Lopez,isabella.lopez@crescenttechnologi.com,null,null
Ella,Williams,ella.williams@acmeenterprises.com,null,null
Jackson,Thomas,jackson.thomas@acmecorp.com,null,null
Lucas,Garcia,lucas.garcia@crescentpartners.com,null,null
Ethan,Wilson,ethan.wilson@apexsystems.com,null,null
Evelyn,Anderson,evelyn.anderson@acmeindustries.com,null,null
Olivia,Wilson,olivia.wilson@pioneerpartners.com,null,null
Amelia,Miller,amelia.miller@nimbusenterprises.com,null,null
Elijah,Miller,elijah.miller@northstartechnolog.com,null,null
Asher,Rodriguez,asher.rodriguez@nimbusenterprises.com,null,null
Sophia,Jackson,sophia.jackson@crescentholdings.com,null,null
Asher,Taylor,asher.taylor@vertexholdings.com,null,null
Aiden,Smith,aiden.smith@pioneersystems.com,null,null
Ethan,Brown,ethan.brown@acmeindustries.com,null,null
Elijah,Johnson,elijah.johnson@blueoakpartners.com,null,null
Evelyn,Martinez,evelyn.martinez@vertexindustries.com,null,null
Abigail,Brown,abigail.brown@northstarsystems.com,null,null
Aiden,Lopez,aiden.lopez@crescenttechnologi.com,null,null
Noah,Thomas,noah.thomas@vertexpartners.com,null,null
Isabella,Martin,isabella.martin@vertexenterprises.com,null,null
Asher,Gonzalez,asher.gonzalez@blueoaksystems.com,null,null
Avery,Taylor,avery.taylor@northstarsystems.com,null,null
Isabella,Martinez,isabella.martinez@northstarholdings.com,null,null
Amelia,Garcia,amelia.garcia@northstarpartners.com,null,null
Mateo,Wilson,mateo.wilson@northstarholdings.com,null,null
Liam,Smith,liam.smith@vertexgroup.com,null,null
Ethan,Anderson,ethan.anderson@apextechnologies.com,null,null
Ava,Martin,ava.martin@blueoakcorp.com,null,null
Amelia,Wilson,amelia.wilson@acmecorp.com,null,null
Jackson,Garcia,jackson.garcia@northstartechnolog.com,null,null
Harper,Thomas,harper.thomas@apexcorp.com,null,null
Aiden,Garcia,aiden.garcia@acmecorp.com,null,null
Mia,Jackson,mia.jackson@blueoaksystems.com,null,null
Jayden,Lopez,jayden.lopez@apexcorp.com,null,null
Amelia,Brown,amelia.brown@nimbustechnologies.com,null,null
Jackson,Lopez,jackson.lopez@vertexenterprises.com,null,null
Ella,Brown,ella.brown@vertexpartners.com,null,null
Isabella,Martinez,isabella.martinez@vertextechnologies.com,null,null
Liam,Williams,liam.williams@apexenterprises.com,null,null
Mateo,Johnson,mateo.johnson@pioneercorp.com,null,null
Mia,Jackson,mia.jackson@apexsystems.com,null,null
Logan,Miller,logan.miller@pioneergroup.com,null,null
Jackson,Brown,jackson.brown@nimbustechnologies.com,null,null
Ethan,Smith,ethan.smith@nimbustechnologies.com,null,null
Elijah,Thomas,elijah.thomas@northstargroup.com,null,null
Noah,Anderson,noah.anderson@vertexindustries.com,null,null
Liam,Taylor,liam.taylor@apexsystems.com,null,null
Logan,Williams,logan.williams@blueoakgroup.com,null,null
Abigail,Anderson,abigail.anderson@apexpartners.com,null,null
Mateo,Thomas,mateo.thomas@northstarcorp.com,null,null
Ethan,Johnson,ethan.johnson@vertexcorp.com,null,null
Amelia,Wilson,amelia.wilson@northstarsystems.com,null,null
Olivia,Jones,olivia.jones@blueoaksystems.com,null,null
Noah,Martinez,noah.martinez@crescentpartners.com,null,null
Salman,Khanna,houbrellaffauffe-7094@yopmail.com,null,null
Avery,Martin,avery.martin@pioneergroup.com,null,null
Mateo,Brown,mateo.brown@acmeindustries.com,null,null
Lucas,Jones,lucas.jones@northstarpartners.com,null,null
Sophia,Lopez,sophia.lopez@pioneergroup.com,null,null
Elijah,Jones,elijah.jones@crescentcorp.com,null,null
Harper,Johnson,harper.johnson@vertexenterprises.com,null,null
Lucas,Gonzalez,lucas.gonzalez@northstarpartners.com,null,null
Ethan,Smith,ethan.smith@northstarcorp.com,null,null
Evelyn,Smith,evelyn.smith@apexcorp.com,null,null
Asher,Martinez,asher.martinez@vertexcorp.com,null,null
Noah,Smith,noah.smith@northstargroup.com,null,null
Ava,Wilson,ava.wilson@blueoakpartners.com,null,null
Emily,Rodriguez,emily.rodriguez@pioneertechnologie.com,null,null
Lucas,Taylor,lucas.taylor@acmegroup.com,null,null
Evelyn,Jackson,evelyn.jackson@crescentsystems.com,null,null
Leo,Taylor,leo.taylor@acmepartners.com,null,null
Sophia,Anderson,sophia.anderson@pioneergroup.com,null,null
Sophia,Smith,sophia.smith@blueoaktechnologie.com,null,null
Harper,Jackson,harper.jackson@vertexindustries.com,null,null
Aiden,Davis,aiden.davis@crescenttechnologi.com,null,null
Olivia,Martinez,olivia.martinez@crescentcorp.com,null,null
Mia,Davis,mia.davis@pioneercorp.com,null,null
Jayden,Hernandez,jayden.hernandez@vertexpartners.com,null,null
Evelyn,Johnson,evelyn.johnson@apexsystems.com,null,null
Elijah,Johnson,elijah.johnson@northstartechnolog.com,null,null
Mateo,Wilson,mateo.wilson@nimbusenterprises.com,null,null
Emily,Wilson,emily.wilson@apexpartners.com,null,null
Emily,Garcia,emily.garcia@acmecorp.com,null,null
Ella,Garcia,ella.garcia@acmeindustries.com,null,null
Olivia,Davis,olivia.davis@northstarholdings.com,null,null
Isabella,Rodriguez,isabella.rodriguez@northstartechnolog.com,null,null
Mia,Brown,mia.brown@acmeenterprises.com,null,null
Ava,Martin,ava.martin@northstartechnolog.com,null,null
Ethan,Jones,ethan.jones@northstarpartners.com,null,null
Asher,Johnson,asher.johnson@crescenttechnologi.com,null,null
Mia,Jackson,mia.jackson@acmegroup.com,null,null
Ethan,Brown,ethan.brown@northstarcorp.com,null,null
Jackson,Thomas,jackson.thomas@northstarcorp.com,null,null
Elijah,Jackson,elijah.jackson@northstarindustrie.com,null,null
Abigail,Anderson,abigail.anderson@northstarholdings.com,null,null
Ava,Martinez,ava.martinez@acmegroup.com,null,null
Avery,Jackson,avery.jackson@acmecorp.com,null,null
Abigail,Taylor,abigail.taylor@blueoakgroup.com,null,null
Ella,Gonzalez,ella.gonzalez@apexpartners.com,null,null
Harper,Rodriguez,harper.rodriguez@apexpartners.com,null,null
Leo,Martinez,leo.martinez@northstarholdings.com,null,null
Logan,Thomas,logan.thomas@apexsystems.com,null,null
Ava,Jones,ava.jones@blueoaksystems.com,null,null
Emily,Lopez,emily.lopez@northstartechnolog.com,null,null
Ella,Garcia,ella.garcia@vertexindustries.com,null,null
Harper,Jones,harper.jones@blueoaktechnologie.com,null,null
Olivia,Miller,olivia.miller@crescentgroup.com,null,null
Emily,Martin,emily.martin@northstarsystems.com,null,null
Sophia,Thomas,sophia.thomas@pioneerpartners.com,null,null
Amelia,Hernandez,amelia.hernandez@crescentpartners.com,null,null
Elijah,Rodriguez,elijah.rodriguez@blueoaktechnologie.com,null,null
Noah,Martin,noah.martin@apexpartners.com,null,null
Mateo,Rodriguez,mateo.rodriguez@vertexgroup.com,null,null
Noah,Garcia,noah.garcia@northstartechnolog.com,null,null
Mia,Brown,mia.brown@vertexcorp.com,null,null
Abigail,Davis,abigail.davis@vertexenterprises.com,null,null
Ethan,Miller,ethan.miller@crescentpartners.com,null,null
Abigail,Taylor,abigail.taylor@pioneercorp.com,null,null
Evelyn,Davis,evelyn.davis@blueoakcorp.com,null,null
Avery,Hernandez,avery.hernandez@blueoaksystems.com,null,null
Amelia,Wilson,amelia.wilson@acmeenterprises.com,null,null
Amelia,Martin,amelia.martin@nimbustechnologies.com,null,null
Olivia,Davis,olivia.davis@vertexenterprises.com,null,null
Liam,Wilson,liam.wilson@northstarholdings.com,null,null
Jackson,Wilson,jackson.wilson@blueoakgroup.com,null,null
Ella,Martin,ella.martin@acmesystems.com,null,null
Ella,Miller,ella.miller@northstarpartners.com,null,null
Aiden,Miller,aiden.miller@apexpartners.com,null,null
Liam,Rodriguez,liam.rodriguez@crescenttechnologi.com,null,null
Emily,Moore,emily.moore@nimbustechnologies.com,null,null
Liam,Johnson,liam.johnson@crescentcorp.com,null,null
Ethan,Rodriguez,ethan.rodriguez@apexpartners.com,null,null
Asher,Hernandez,asher.hernandez@blueoaksystems.com,null,null
Avery,Moore,avery.moore@acmecorp.com,null,null
Mia,Brown,mia.brown@apextechnologies.com,null,null
Logan,Thomas,logan.thomas@crescenttechnologi.com,null,null
Harper,Gonzalez,harper.gonzalez@northstartechnolog.com,null,null
Logan,Wilson,logan.wilson@vertexsystems.com,null,null
Ella,Taylor,ella.taylor@northstarsystems.com,null,null
Aiden,Johnson,aiden.johnson@northstargroup.com,null,null
Lucas,Smith,lucas.smith@crescentpartners.com,null,null
Jayden,Williams,jayden.williams@apexsystems.com,null,null
Isabella,Smith,isabella.smith@vertexpartners.com,null,null
Lucas,Miller,lucas.miller@nimbuspartners.com,null,null
Isabella,Smith,isabella.smith@crescententerprise.com,null,null
Emily,Wilson,emily.wilson@crescentsystems.com,null,null
Emily,Moore,emily.moore@acmesystems.com,null,null
Noah,Martin,noah.martin@pioneergroup.com,null,null
Isabella,Johnson,isabella.johnson@acmecorp.com,null,null
Aiden,Jackson,aiden.jackson@northstarindustrie.com,null,null
Mia,Garcia,user3@example.com,Fabrikam,Mexico
Grace,White,grace.white@terra.com,Terra Solutions,Finland
Olivia,Lee,demoexample43@yopmail.com,Crescendo,null
Joel,Darsi,jdarsi@deloittte.com,Smart Work,null
J,J,jjj@gmail.com,deloitte,null
r,r,rrr@gmail.com,deloitte,null
Louise,Guite,lguitea@aol.com,Meembee,null
Barbie,Cargon,bcargonc001@sbwire.com,Meembee,null
Gigi,Vickarman,gvickarmano@patch.com,Gabtype,null
Mireille,Di Roberto,mdirobertog@instagram.com,Lazz,null
t,d,wewe@wewe.com,test,null
tt,dd,ttdd@det.com,test,null
Faraz,K,fk959@gmail.com,null,null
Test,S,test0909@gmail.com,Deloitte,null
d,d,ykindall7@feedburner.com,Thoughtblab,null
Neeraj,Tamrakar,neerajtamrakar4u@gmail.com,Deloitte,null
Chandler,Bing,cbing@test.com,test,null
Ashley,James,ajames@uog.com,null,null
Randa,Goldring,rgoldringjo@smh.com.au,null,null
Yelena,Mugridge,ymugridgelm@netvibes.com,null,null
Dasha,Zorer,dzorerqq@xrea.com,null,null
Audi,Gladdish,agladdish5o@1688.com,null,null
Barrie,Osgordby,bosgordbygx@linkedin.com,null,null
Lucais,MacDavitt,lmacdavittp4@statcounter.com,null,null
Andy,Young,a_young@dickenson.com,null,null
Melitta,Halfhyde,mhalfhydeqt@naver.com,null,null
Algernon,Gronw,agronwct@spotify.com,null,null
Gratia,Mawne,gmawne4c@topsy.com,null,null
Denni,Stoeckle,dstoeckleg8@go.com,null,null
Odelia,Batchelour,obatchelourhw@economist.com,null,null
Petr,Howard - Gater,phowardgaterlo@economist.com,null,null
Maggie,McKeever,mmckeeverpl@newsvine.com,null,null
Teodorico,Ricardot,tricardot9c@mozilla.com,null,null
Arlen,Trevers,atreversaf@1688.com,null,null
Marsh,Shelliday,mshellidaydz@dell.com,null,null
Clementine,Dace,cdace39@uol.com.br,null,null
Rufe,Durrad,rdurradbw@devhub.com,null,null
Nickolai,McCleverty,nmccleverty8b@blogspot.com,null,null
Rollie,Yurtsev,ryurtsevcw@dell.com,null,null
Ham,Romaines,hromainesff@seattletimes.com,null,null
Augustus,Falconer-Taylor,afalconertaylords@freewebs.com,null,null
Justinn,Storck,jstorckr3@bloomberg.com,null,null
Jard,Ferrari,jferrari61@ft.com,null,null
Elvis,Hackney,ehackney8r@constantcontact.com,null,null
Aile,Wardrope,awardropeez@nymag.com,null,null
Linc,Engelbrecht,lengelbrecht3u@histats.com,null,null
Avril,Borrie,aborriejj@tripadvisor.com,null,null
Boothe,Newton,bnewton4@uol.com.br,null,null
Ives,Stockin,istockin2w@prnewswire.com,null,null
Daphna,Tamburo,dtamburom4@forbes.com,null,null
Mikael,Newbury,mnewburylq@jimdo.com,null,null
Easter,Eeles,eeeles10@wsj.com,null,null
Rene,McEwen,rmcewenbc@dagondesign.com,null,null
Tami,Thirsk,tthirsk36@people.com.cn,null,null
Fayina,Looney,flooneyag@constantcontact.com,null,null
Zacharie,Dennington,zdennington11@salon.com,null,null
Seamus,Lishman,slishmanb0@macromedia.com,null,null
Kevina,Shetliff,kshetliff9z@microsoft.com,null,null
Filip,Gudger,fgudger5z@youku.com,null,null
Kinsley,Onslow,konslowkg@icq.com,null,null
Ethelind,Tringham,etringhamjh@taobao.com,null,null
Lance,Crilly,lcrillybv@adobe.com,null,null
Augustine,Doddridge,adoddridgele@elegantthemes.com,null,null
Abrahan,Liddall,aliddallpw@acquirethisname.com,null,null
Staci,Themann,sthemann8g@topsy.com,null,null
Vernon,Goalley,vgoalleydm@cbslocal.com,null,null
Pauly,Caswall,pcaswallc2@yahoo.com,null,null
Lorry,Lendon,llendon79@globo.com,null,null
Gae,Pedlar,gpedlaref@scribd.com,null,null
Brett,Ply,bply6j@chicagotribune.com,null,null
Lloyd,Gregersen,lgregersenpi@netvibes.com,null,null
Gwenore,Deerness,gdeernessmj@vistaprint.com,null,null
Shepard,Ivins,sivins6q@nationalgeographic.com,null,null
Graehme,Uc,gucay@prweb.com,null,null
Neils,Crallan,ncrallanjt@cocolog-nifty.com,null,null
Olympia,Ivashnikov,oivashnikov96@chronoengine.com,null,null
Raleigh,Kighly,rkighly7u@usatoday.com,null,null
Kamillah,Wenden,kwenden3m@wp.com,null,null
Conney,Flohard,cflohardj1@walmart.com,null,null
Bernete,Dudliston,bdudlistonn8@tinyurl.com,null,null
Shayne,Tissell,stissellmk@eepurl.com,null,null
Fianna,Dorr,fdorres@posterous.com,null,null
George,Ramage,gramage52@godaddy.com,null,null
Matthaeus,Coarser,mcoarser19@meetup.com,null,null
Sunshine,Swetman,sswetman6w@shinystat.com,null,null
Clifford,Elkington,celkingtonr6@cnn.com,null,null
Noll,Cavie,ncavie2@canalblog.com,null,null
Gail,Riepel,griepelqn@chron.com,null,null
Win,Saye,wsayefj@phpbb.com,null,null
Estele,Poynser,epoynserf1@cocolog-nifty.com,null,null
Emmit,Bernini,eberniniml@usnews.com,null,null
Maude,Goodsir,mgoodsirqy@wiley.com,null,null
Daryn,Lenchenko,dlenchenko9y@salon.com,null,null
Shelly,Brownell,shellyb@westerntelecom.com,Western Telecommunications Corp.,null
Wandis,Passey,wpasseyl1@ycombinator.com,null,null
Carry,Lezemere,clezemerefa@com.com,null,null
Loise,Lindsay,llindsaym@lycos.com,null,null
Alison,Taber,ataber2l@imgur.com,null,null
Hetty,Becker,hbeckerq6@yellowbook.com,null,null
Goober,Masey,gmaseyoy@zimbio.com,null,null
Peyter,Collins,pcollinsmi@amazon.com,null,null
Flem,Slograve,fslogravegk@wunderground.com,null,null
Merle,Tuttle,mtuttleok@bloglovin.com,null,null
Manya,Meads,mmeadsna@deviantart.com,null,null
Trev,Raffles,trafflesb9@rediff.com,null,null
Shelagh,Brazil,sbrazilpx@aol.com,null,null
Doyle,Silwood,dsilwoodqv@ucoz.com,null,null
Akim,Phaup,aphaup6x@storify.com,null,null
Francisca,Cauldwell,fcauldwellkb@sina.com.cn,null,null
Domenico,Droghan,ddroghanb1@booking.com,null,null
test12,singh12,test.678@gmail.com,L2L,null
Kanikanti Venkata,Raghavendra,raghavendrakvm@gmail.com,Deloitte,null
Priyanka,null,priyankam@yopmail.com,null,null
testform,null,testform229@yopmail.com,null,null
Rahul Kainth,null,rahulkainth@gmail.com,null,null
RK,null,rahulkainth78@gmail.com,null,null
Kanikanti Venkata,Raghavendra,fendrakvm@edwa.com,null,null
Raghavendra,null,shcacwcwre@tesg.com,null,null
Test,form,testform1610@test.com,null,null
Test,null,test1016@test.com,null,null
test5,test,test6@test.com,null,null
Test,Test,test78@test.com,null,null
Testyu,testyu,testyut@test.com,null,null
test,form,testform12356@yopmail.com,Deloitte,null
test,form,testform356@yopmail.com,deloitte,null
Sundar,P,sp@gmail.com,null,null
Kanikanti Venkata,Raghavendra,dwdrakvm@edw.com,null,null
Prasad,23,prasad23@gmail.com,null,null
test,test,l2ltesting1@gmail.com,null,null
Abhay,Pal,palabhay20@gmail.com,null,null
harsh,test1,testob618@gmail.com,null,null
test,matcha,test@email.com,null,India
Brenda,Smith,brendasmithcsc@yahoo.com,null,null
null,null,kalyan@gmail.com,null,null
Amelia,Carter,Amelia.Carter@example.com,CSC,US
Sina,Caleb,Sina.Caleb@example.com,CSC,US
Alice,Andrew,Alice.Andrew@example.com,CSC,US
Gonzalo,Henry,Gonzalo.Henrytest@google.com,Google,US
Angel,Noah,Angel.Noahtest@google.com,Google,US
Rafael,Alexander,Rafael.Alexandertest@google.com,Google,US
Laura,James,Laura.Jamestest@amazon.com,Amazon,US
Juan,Aaron,Juan.Aarontest@Aamzon.com,Amazon,US
Salvatore,Luca,Salvatore.Lucatest@Aamzon.com,Amazon,US
John,Bond,barr_tim@grandhotels.com,null,null
Test1,11,a@gmail.com,null,India
Robert,Garcia,robert.garcia@mercygen.com,null,null
Amanda,Scott,amanda.scott@valleyreg.com,null,null
Rebecca,Bell,rebecca.bell@pacificheart.com,null,null
Frank11,Stewart,frank10.stewart@pacificheart.com,null,null
Frank18,Stewart,Frank18.stewart@xyz.com,null,null
Frank43,Stewart,Frank43.stewart@xyz.com,null,null
Leo,Smith,leo.smith@crescentcorp.com,null,null
Elijah,Jones,elijah.jones@northstarindustrie.com,null,null
Ethan,Johnson,ethan.johnson@blueoaktechnologie.com,null,null
Jackson,Martin,jackson.martin@crescentpartners.com,null,null
Ella,Martin,ella.martin@northstargroup.com,null,null
Aiden,Martinez,aiden.martinez@blueoakcorp.com,null,null
Mateo,Anderson,mateo.anderson@northstarholdings.com,null,null
Mia,Thomas,mia.thomas@nimbustechnologies.com,null,null
Abigail,Jones,abigail.jones@pioneerholdings.com,null,null
Lucas,Johnson,lucas.johnson@crescenttechnologi.com,null,null
Logan,Miller,logan.miller@vertexsystems.com,null,null
Elijah,Martin,elijah.martin@crescentcorp.com,null,null
Sophia,Brown,sophia.brown@nimbuspartners.com,null,null
Amelia,Garcia,amelia.garcia@blueoakpartners.com,null,null
Sophia,Jackson,sophia.jackson@acmesystems.com,null,null
Narendra,Shah,groiffabrossocra-6788@elmail.4pu.com,null,null
Mia,Jones,mia.jones@acmepartners.com,null,null
Isabella,Jackson,isabella.jackson@northstarindustrie.com,null,null
Mia,Thomas,mia.thomas@northstarpartners.com,null,null
Ella,Thomas,ella.thomas@nimbusenterprises.com,null,null
Emily,Thomas,emily.thomas@vertexpartners.com,null,null
Logan,Smith,logan.smith@crescentpartners.com,null,null
Evelyn,Jackson,evelyn.jackson@apexsystems.com,null,null
Harper,Garcia,harper.garcia@pioneercorp.com,null,null
Sophia,Smith,sophia.smith@blueoakgroup.com,null,null
Avery,Thomas,avery.thomas@pioneerholdings.com,null,null
Ella,Martin,ella.martin@pioneertechnologie.com,null,null
Ava,Williams,ava.williams@vertexcorp.com,null,null
Avery,Johnson,avery.johnson@northstarholdings.com,null,null
Jackson,Jackson,jackson.jackson@crescenttechnologi.com,null,null
Olivia,Moore,olivia.moore@northstarsystems.com,null,null
Ram,Sharma,ramsharma.2596@gmail.com,null,null
Ava,Martin,ava.martin@acmetechnologies.com,null,null
Mia,Johnson,mia.johnson@crescenttechnologi.com,null,null
Aiden,Hernandez,aiden.hernandez@crescentgroup.com,null,null
Liam,Taylor,liam.taylor@vertextechnologies.com,null,null
Elijah,Brown,elijah.brown@acmepartners.com,null,null
Logan,Smith,logan.smith@vertexsystems.com,null,null
Asher,Johnson,asher.johnson@northstarcorp.com,null,null
Lucas,Gonzalez,lucas.gonzalez@crescenttechnologi.com,null,null
Logan,Garcia,logan.garcia@pioneerholdings.com,null,null
Lucas,Jones,lucas.jones@acmecorp.com,null,null
Asher,Martin,asher.martin@apexsystems.com,null,null
Sophia,Thomas,sophia.thomas@vertexindustries.com,null,null
Mia,Jones,mia.jones@vertexpartners.com,null,null
Lucas,Rodriguez,lucas.rodriguez@northstargroup.com,null,null
Ethan,Williams,ethan.williams@northstargroup.com,null,null
Jayden,Brown,jayden.brown@acmesystems.com,null,null
Ethan,Davis,ethan.davis@northstarholdings.com,null,null
Evelyn,Thomas,evelyn.thomas@acmecorp.com,null,null
Jackson,Hernandez,jackson.hernandez@crescenttechnologi.com,null,null
Isabella,Brown,isabella.brown@crescentpartners.com,null,null
Ethan,Garcia,ethan.garcia@nimbustechnologies.com,null,null
Emily,Hernandez,emily.hernandez@northstarcorp.com,null,null
Ethan,Davis,ethan.davis@acmeindustries.com,null,null
Logan,Gonzalez,logan.gonzalez@vertextechnologies.com,null,null
Aiden,Moore,aiden.moore@vertexindustries.com,null,null
Mia,Davis,mia.davis@crescentcorp.com,null,null
Ava,Lopez,ava.lopez@pioneerholdings.com,null,null
Lucas,Martin,lucas.martin@northstarcorp.com,null,null
Olivia,Miller,olivia.miller@blueoakpartners.com,null,null
Mia,Garcia,mia.garcia@nimbusenterprises.com,null,null
Mia,Miller,mia.miller@apexsystems.com,null,null
Logan,Gonzalez,logan.gonzalez@blueoaksystems.com,null,null
Elijah,Gonzalez,elijah.gonzalez@vertexcorp.com,null,null
Leo,Garcia,leo.garcia@blueoaksystems.com,null,null
Logan,Anderson,logan.anderson@apexsystems.com,null,null
Harper,Moore,harper.moore@northstarsystems.com,null,null
Ella,Wilson,ella.wilson@crescentholdings.com,null,null
Evelyn,Miller,evelyn.miller@vertexindustries.com,null,null
Elijah,Smith,elijah.smith@pioneergroup.com,null,null
Leo,Martin,leo.martin@blueoakcorp.com,null,null
Sophia,Rodriguez,sophia.rodriguez@acmecorp.com,null,null
Leo,Moore,leo.moore@pioneergroup.com,null,null
Ava,Miller,ava.miller@acmecorp.com,null,null
Jackson,Davis,jackson.davis@pioneergroup.com,null,null
Ritz,Shah,ritikashah.2596@gmail.com,null,null
Elijah,Taylor,elijah.taylor@pioneergroup.com,null,null
Liam,Jones,liam.jones@blueoaktechnologie.com,null,null
Isabella,Williams,isabella.williams@nimbusindustries.com,null,null
Logan,Johnson,logan.johnson@acmecorp.com,null,null
Mia,Martinez,mia.martinez@northstarpartners.com,null,null
Amelia,Smith,amelia.smith@pioneergroup.com,null,null
Mia,Wilson,mia.wilson@pioneergroup.com,null,null
Sophia,Wilson,sophia.wilson@pioneerpartners.com,null,null
Leo,Davis,leo.davis@crescenttechnologi.com,null,null
Avery,Johnson,avery.johnson@vertexindustries.com,null,null
Mateo,Hernandez,mateo.hernandez@northstarcorp.com,null,null
Harper,Rodriguez,harper.rodriguez@vertexpartners.com,null,null
Avery,Wilson,avery.wilson@apextechnologies.com,null,null
Harper,Williams,harper.williams@northstarcorp.com,null,null
Aiden,Gonzalez,aiden.gonzalez@crescententerprise.com,null,null
Amelia,Martinez,amelia.martinez@vertexcorp.com,null,null
Aiden,Rodriguez,aiden.rodriguez@crescententerprise.com,null,null
Avery,Brown,avery.brown@pioneercorp.com,null,null
Ella,Davis,ella.davis@nimbuspartners.com,null,null
Isabella,Taylor,isabella.taylor@acmecorp.com,null,null
Abigail,Moore,abigail.moore@crescentcorp.com,null,null
Evelyn,Brown,evelyn.brown@northstarholdings.com,null,null
Noah,Thomas,noah.thomas@nimbusenterprises.com,null,null
Leo,Anderson,leo.anderson@northstargroup.com,null,null
Emily,Gonzalez,emily.gonzalez@northstarcorp.com,null,null
Sophia,Smith,sophia.smith@crescentcorp.com,null,null
Aiden,Lopez,aiden.lopez@acmegroup.com,null,null
Ethan,Martinez,ethan.martinez@pioneergroup.com,null,null
Ella,Davis,ella.davis@nimbusholdings.com,null,null
Harper,Taylor,harper.taylor@apexenterprises.com,null,null
Ava,Hernandez,ava.hernandez@crescenttechnologi.com,null,null
Amelia,Taylor,amelia.taylor@apextechnologies.com,null,null
Isabella,Rodriguez,isabella.rodriguez@blueoaktechnologie.com,null,null
Emily,Martinez,emily.martinez@blueoaksystems.com,null,null
Asher,Johnson,asher.johnson@vertexpartners.com,null,null
Asher,Garcia,asher.garcia@nimbustechnologies.com,null,null
Logan,Garcia,logan.garcia@vertextechnologies.com,null,null
Jackson,Smith,jackson.smith@vertexpartners.com,null,null
Sophia,Miller,sophia.miller@nimbusenterprises.com,null,null
Jayden,Wilson,jayden.wilson@blueoaksystems.com,null,null
Ayushman,M,custom.identity.merge@gmail.com,null,null
Mia,Martinez,mia.martinez@crescenttechnologi.com,null,null
Logan,Davis,logan.davis@crescentsystems.com,null,null
Emily,Miller,emily.miller@northstarpartners.com,null,null
Jayden,Miller,jayden.miller@crescenttechnologi.com,null,null
Aiden,Smith,aiden.smith@vertexcorp.com,null,null
Emily,Thomas,emily.thomas@vertexindustries.com,null,null
Ava,Jackson,ava.jackson@crescentcorp.com,null,null
Olivia,Moore,olivia.moore@nimbustechnologies.com,null,null
Amelia,Anderson,amelia.anderson@crescentholdings.com,null,null
Lucas,Jackson,lucas.jackson@blueoaksystems.com,null,null
Jayden,Hernandez,jayden.hernandez@northstartechnolog.com,null,null
Ava,Moore,ava.moore@nimbusindustries.com,null,null
Avery,Johnson,avery.johnson@northstartechnolog.com,null,null
Aiden,Lopez,aiden.lopez@vertexpartners.com,null,null
Harper,Gonzalez,harper.gonzalez@vertexcorp.com,null,null
Jackson,Thomas,jackson.thomas@nimbusindustries.com,null,null
Harper,Gonzalez,harper.gonzalez@blueoakpartners.com,null,null
Liam,Johnson,liam.johnson@northstarcorp.com,null,null
Abigail,Brown,abigail.brown@northstargroup.com,null,null
Avery,Miller,avery.miller@northstartechnolog.com,null,null
Olivia,Smith,olivia.smith@northstarholdings.com,null,null
Isabella,Brown,isabella.brown@northstarcorp.com,null,null
Leo,Gonzalez,leo.gonzalez@vertexpartners.com,null,null
Leo,Martin,leo.martin@pioneersystems.com,null,null
Liam,Gonzalez,liam.gonzalez@acmeindustries.com,null,null
Abigail,Miller,abigail.miller@crescentsystems.com,null,null
Jackson,Gonzalez,jackson.gonzalez@northstarholdings.com,null,null
Leo,Thomas,leo.thomas@crescentgroup.com,null,null
Ava,Thomas,ava.thomas@northstarsystems.com,null,null
Elijah,Moore,elijah.moore@pioneergroup.com,null,null
Sophia,Williams,sophia.williams@pioneergroup.com,null,null
Poulami,Basu,pobasu1@yopmail.com,null,null
Liam,Johnson,liam.johnson@nimbusholdings.com,null,null
Logan,Hernandez,logan.hernandez@vertexpartners.com,null,null
Olivia,Anderson,olivia.anderson@blueoakcorp.com,null,null
Harper,Williams,harper.williams@northstarindustrie.com,null,null
Leo,Anderson,leo.anderson@acmeenterprises.com,null,null
Isabella,Brown,isabella.brown@northstartechnolog.com,null,null
Isabella,Jackson,isabella.jackson@blueoakcorp.com,null,null
Harper,Lopez,harper.lopez@nimbustechnologies.com,null,null
Lucas,Wilson,lucas.wilson@nimbustechnologies.com,null,null
Harper,Garcia,harper.garcia@blueoakcorp.com,null,null
Sophia,Johnson,sophia.johnson@blueoaktechnologie.com,null,null
Noah,Anderson,noah.anderson@pioneerholdings.com,null,null
Mateo,Gonzalez,mateo.gonzalez@crescenttechnologi.com,null,null
Lucas,Rodriguez,lucas.rodriguez@blueoakgroup.com,null,null
Asher,Martin,asher.martin@acmeindustries.com,null,null
Ella,Moore,ella.moore@vertexsystems.com,null,null
Emily,Gonzalez,emily.gonzalez@crescentholdings.com,null,null
Sophia,Anderson,sophia.anderson@vertextechnologies.com,null,null
Aiden,Gonzalez,aiden.gonzalez@vertexenterprises.com,null,null
Ella,Garcia,ella.garcia@blueoaksystems.com,null,null
Mia,Thomas,mia.thomas@northstargroup.com,null,null
Sophia,Brown,sophia.brown@northstartechnolog.com,null,null
Lucas,Moore,lucas.moore@blueoaktechnologie.com,null,null
Jackson,Davis,jackson.davis@nimbuspartners.com,null,null
Harper,Wilson,harper.wilson@acmecorp.com,null,null
Amelia,Williams,amelia.williams@crescentpartners.com,null,null
Evelyn,Hernandez,evelyn.hernandez@apexpartners.com,null,null
Mateo,Martinez,mateo.martinez@apexsystems.com,null,null
Olivia,Williams,olivia.williams@vertexsystems.com,null,null
Leo,Miller,leo.miller@pioneerholdings.com,null,null
Mateo,Garcia,mateo.garcia@blueoakpartners.com,null,null
Olivia,Johnson,olivia.johnson@northstarholdings.com,null,null
Liam,Wilson,liam.wilson@apexcorp.com,null,null
Olivia,Jones,olivia.jones@northstarpartners.com,null,null
Logan,Moore,logan.moore@nimbuspartners.com,null,null
Logan,Miller,logan.miller@northstarindustrie.com,null,null
Ella,Gonzalez,ella.gonzalez@crescenttechnologi.com,null,null
Sophia,Brown,sophia.brown@pioneerpartners.com,null,null
Olivia,Smith,olivia.smith@blueoakpartners.com,null,null
Aiden,Rodriguez,aiden.rodriguez@crescentsystems.com,null,null
Ella,Garcia,ella.garcia@pioneerpartners.com,null,null
Liam,Gonzalez,liam.gonzalez@vertexholdings.com,null,null
Isabella,Thomas,isabella.thomas@pioneergroup.com,null,null
Noah,Rodriguez,noah.rodriguez@vertexholdings.com,null,null
Sophia,Jackson,sophia.jackson@pioneergroup.com,null,null
Amelia,Miller,amelia.miller@northstarsystems.com,null,null
Liam,Lopez,liam.lopez@northstarcorp.com,null,null
Isabella,Anderson,isabella.anderson@apexsystems.com,null,null
Isabella,Jackson,isabella.jackson@northstarcorp.com,null,null
Isabella,Jones,isabella.jones@crescenttechnologi.com,null,null
Evelyn,Jones,evelyn.jones@northstargroup.com,null,null
Ethan,Hernandez,ethan.hernandez@acmeindustries.com,null,null
Leo,Miller,leo.miller@blueoaktechnologie.com,null,null
Elijah,Jones,elijah.jones@northstartechnolog.com,null,null
Abigail,Miller,abigail.miller@blueoaksystems.com,null,null
Asher,Jones,asher.jones@crescentcorp.com,null,null
Isabella,Miller,isabella.miller@blueoaktechnologie.com,null,null
Evelyn,Anderson,evelyn.anderson@northstarcorp.com,null,null
Evelyn,Hernandez,evelyn.hernandez@northstartechnolog.com,null,null
Mateo,Martin,mateo.martin@northstartechnolog.com,null,null
Elijah,Brown,elijah.brown@crescenttechnologi.com,null,null
Ethan,Smith,ethan.smith@apexsystems.com,null,null
Asher,Williams,asher.williams@pioneersystems.com,null,null
Leo,Anderson,leo.anderson@acmepartners.com,null,null
Evelyn,Brown,evelyn.brown@apexpartners.com,null,null
Sophia,Davis,sophia.davis@pioneerpartners.com,null,null
Evelyn,Hernandez,evelyn.hernandez@vertextechnologies.com,null,null
Liam,Garcia,liam.garcia@crescentpartners.com,null,null
Elijah,Smith,elijah.smith@crescentpartners.com,null,null
Aiden,Gonzalez,aiden.gonzalez@crescenttechnologi.com,null,null
Mateo,Anderson,mateo.anderson@vertexsystems.com,null,null
Lucas,Thomas,lucas.thomas@northstarholdings.com,null,null
Amelia,Thomas,amelia.thomas@vertexgroup.com,null,null
Lucas,Smith,lucas.smith@pioneergroup.com,null,null
Liam,Brown,liam.brown@crescenttechnologi.com,null,null
Mia,Thomas,mia.thomas@crescentholdings.com,null,null
Ava,Taylor,ava.taylor@crescentpartners.com,null,null
Ethan,Gonzalez,ethan.gonzalez@blueoakgroup.com,null,null
Aiden,Jones,aiden.jones@blueoaktechnologie.com,null,null
Sophia,Thomas,sophia.thomas@vertexcorp.com,null,null
Leo,Wilson,leo.wilson@vertextechnologies.com,null,null
Jayden,Smith,jayden.smith@blueoakpartners.com,null,null
Leo,Jackson,leo.jackson@nimbusholdings.com,null,null
Noah,Rodriguez,noah.rodriguez@vertexcorp.com,null,null
Ella,Brown,ella.brown@northstarholdings.com,null,null
Abigail,Martin,abigail.martin@northstartechnolog.com,null,null
Olivia,Taylor,olivia.taylor@pioneerpartners.com,null,null
Emily,Martin,emily.martin@crescentgroup.com,null,null
Olivia,Rodriguez,olivia.rodriguez@northstarsystems.com,null,null
Ella,Martin,ella.martin@acmeindustries.com,null,null
Evelyn,Davis,evelyn.davis@vertexenterprises.com,null,null
Lucas,Martinez,lucas.martinez@nimbusindustries.com,null,null
Isabella,Johnson,isabella.johnson@crescentpartners.com,null,null
Asher,Martinez,asher.martinez@crescenttechnologi.com,null,null
Ava,Rodriguez,ava.rodriguez@apextechnologies.com,null,null
Avery,Thomas,avery.thomas@apexenterprises.com,null,null
Ava,Jackson,ava.jackson@northstarcorp.com,null,null
Liam,Miller,liam.miller@acmecorp.com,null,null
Asher,Johnson,asher.johnson@vertexsystems.com,null,null
Abigail,Williams,abigail.williams@acmecorp.com,null,null
Emily,Garcia,emily.garcia@blueoaksystems.com,null,null
Harper,Martinez,harper.martinez@nimbusenterprises.com,null,null
Elijah,Garcia,elijah.garcia@nimbuspartners.com,null,null
Ethan,Wilson,ethan.wilson@nimbustechnologies.com,null,null
Lucas,Rodriguez,lucas.rodriguez@crescenttechnologi.com,null,null
Aiden,Hernandez,aiden.hernandez@northstarcorp.com,null,null
Ella,Johnson,ella.johnson@apexpartners.com,null,null
Ethan,Moore,ethan.moore@apextechnologies.com,null,null
Liam,Moore,liam.moore@northstarsystems.com,null,null
Mia,Jackson,mia.jackson@pioneerholdings.com,null,null
Amelia,Lopez,amelia.lopez@acmegroup.com,null,null
Lucas,Williams,lucas.williams@crescenttechnologi.com,null,null
Elijah,Jackson,elijah.jackson@apexsystems.com,null,null
Ethan,Rodriguez,ethan.rodriguez@crescentpartners.com,null,null
Noah,Martinez,noah.martinez@blueoaktechnologie.com,null,null
Elijah,Jackson,elijah.jackson@vertexsystems.com,null,null
Ava,Brown,ava.brown@acmeindustries.com,null,null
Ava,Smith,ava.smith@acmegroup.com,null,null
Sophia,Jackson,sophia.jackson@blueoaktechnologie.com,null,null
Asher,Williams,asher.williams@vertexgroup.com,null,null
Jackson,Rodriguez,jackson.rodriguez@blueoaksystems.com,null,null
Abigail,Brown,abigail.brown@acmegroup.com,null,null
Evelyn,Garcia,evelyn.garcia@pioneergroup.com,null,null
Olivia,Jones,olivia.jones@blueoaktechnologie.com,null,null
Olivia,Jackson,olivia.jackson@nimbustechnologies.com,null,null
Abigail,Taylor,abigail.taylor@acmegroup.com,null,null
Amelia,Rodriguez,amelia.rodriguez@acmesystems.com,null,null
Liam,Gonzalez,liam.gonzalez@nimbustechnologies.com,null,null
Mia,Taylor,mia.taylor@blueoaksystems.com,null,null
Sophia,Davis,sophia.davis@northstargroup.com,null,null
Jayden,Thomas,jayden.thomas@blueoaksystems.com,null,null
Harper,Johnson,harper.johnson@nimbusindustries.com,null,null
Mia,Lopez,mia.lopez@acmegroup.com,null,null
Amelia,Hernandez,amelia.hernandez@acmesystems.com,null,null
Mateo,Jackson,mateo.jackson@northstarcorp.com,null,null
Ava,Hernandez,ava.hernandez@crescentgroup.com,null,null
Ava,Hernandez,ava.hernandez@northstarindustrie.com,null,null
James,Moore,james.moore@bluepeak.com,BluePeak,Ireland
Srinibash,Sahoo,srinibashsahoo40@gmail.com,Deloitte,null
Toolika,Dubey,tdubey@test0007.com,Deloitte,null
Osgood,Stilliard,ostilliard2@shareasale.com,Thoughtblab,null
Tedd,Wennam,twennam7@spotify.com,Thoughtblab,null
Deana,Brobak,dbrobakl@salon.com,Gabtype,null
Shamili,s,shamili0995@gmail.com,null,null
Gigiee,Vicky,gvickarmano001@patch.com,Gabtype,null
Kataldar-1,test,rishavsingh@gmail.com,Test,null
Naveen,null,naveen@gmail.com,null,null
Louis,Luempert,chip27284@gmail.com,null,null
test,t,test111@gmail.com,null,null
Toolika,null,toolika.dubey@gmail.com,null,null
Olivia,Lee,demoexample4343@yopmail.com,null,null
Louis,Zoya,lzoya@healthfortheworld.com,Health for the World,null
Heidi,Ken,hken@healthfortheworld.com,null,null
Testyu,testyu,test@yopmail.com,null,null
Rachel,Green,rgreen@test.com,test,null
Toolika,Dubey,tdubey@test0010.com,Deloitte,null
Toolika,Dubey,tdubey@testttttt.com,Deloitte,null
sourav,null,souravjawaliya1@gmail.com,null,null
Quincey,Carville,qcarvillecf@instagram.com,null,null
Marketa,Ridpath,mridpath99@gravatar.com,null,null
Cross,Tick,ctickpb@instagram.com,null,null
Savina,Danbrook,sdanbrookl@nationalgeographic.com,null,null
Antonio,Yoell,ayoellq9@blogger.com,null,null
Lisle,Gronw,lgronwlv@ask.com,null,null
Katerine,Truitt,ktruittj7@imdb.com,null,null
Barbe,Kalvin,bkalvinp6@comsenz.com,null,null
Lorinda,Giovanardi,lgiovanardi47@prnewswire.com,null,null
Porty,Getsham,pgetshamrd@msn.com,null,null
Faina,Pollok,fpollok7w@hc360.com,null,null
Benita,Gerrit,bgerritfm@phpbb.com,null,null
Jack,Rogers,jrogers@burlington.com,Burlington Textiles Corp of America,null
Dene,Mitton,dmittoniq@delicious.com,null,null
Graig,Leile,gleilebf@icq.com,null,null
Roselin,Littleproud,rlittleproudej@surveymonkey.com,null,null
Ailey,Kreutzer,akreutzer74@istockphoto.com,null,null
Chrotoem,Tredger,ctredgeroq@imdb.com,null,null
Berenice,Gook,bgookjr@cloudflare.com,null,null
Itch,Sirkett,isirkettqk@dagondesign.com,null,null
Kristofor,Connick,kconnickhq@wikispaces.com,null,null
Orran,Amphlett,oamphlettlt@apple.com,null,null
Claudius,Stanning,cstanningoo@cnet.com,null,null
Lesly,Odgaard,lodgaardrq@apple.com,null,null
Sapphira,Sandell,ssandelli5@globo.com,null,null
Robbin,Lebang,rlebang3p@wsj.com,null,null
Welch,Gunney,wgunney12@gizmodo.com,null,null
Nichol,Cluney,ncluneyqp@eventbrite.com,null,null
Sherilyn,Baptie,sbaptieko@accuweather.com,null,null
Thaddus,Gurry,tgurrygq@engadget.com,null,null
Brigida,Maudson,bmaudsonr5@intel.com,null,null
Siward,Hubbucks,shubbuckski@ebay.com,null,null
Lev,Wesker,lweskerdr@sfgate.com,null,null
Lusa,Fausch,lfausch4w@cocolog-nifty.com,null,null
Charlotta,Kerins,ckerinsj4@mlb.com,null,null
Otho,Jaquet,ojaquet4k@booking.com,null,null
Thorsten,Clemerson,tclemerson2a@macromedia.com,null,null
Darsey,Willmore,dwillmores@blogspot.com,null,null
Munmro,Megson,mmegsonmg@fastcompany.com,null,null
Ram,Doddemeede,rdoddemeede6c@nbcnews.com,null,null
Elysee,Popescu,epopescu58@blogs.com,null,null
Netty,Chidwick,nchidwickby@163.com,null,null
Ted,Dalman,tdalmanft@tripod.com,null,null
Jonah,Winscomb,jwinscomb3y@ted.com,null,null
Carin,Leftly,cleftlyep@artisteer.com,null,null
Edgard,Curnnok,ecurnnoknq@cbslocal.com,null,null
Jane,Fern,jfern9m@qq.com,null,null
Romeo,Keeley,rkeeley2p@cdbaby.com,null,null
Marje,Genicke,mgenickeex@csmonitor.com,null,null
David,Monaco,david@blues.com,Blues Entertainment Corp.,null
Mike,Braund,likeb@metro.com,Metropolitan Health Services,null
Nathanil,M'Barron,nmbarrone2@msn.com,null,null
Tom,Ripley,tripley@uog.com,null,null
Gothart,Ridgers,gridgers9e@goodreads.com,null,null
Lauren,Boyle,spavlova@uog.com,null,null
Candice,O'Keeffe,cokeeffe8u@youku.com,null,null
Wally,Tilford,wtilfordjx@xinhuanet.com,null,null
Tonye,McGonnell,tmcgonnellfe@businessweek.com,null,null
Marcello,Elliss,mellissf0@ibm.com,null,null
Melessa,Crippell,mcrippell4v@godaddy.com,null,null
Stillmann,Yurkevich,syurkevichfv@cdbaby.com,null,null
Dedie,Marsters,dmarsters62@tinyurl.com,null,null
Rose,Gonzalez,sean@edge.com,null,null
Hiram,Chrichton,hchrichton2n@lulu.com,null,null
Freddie,Rodolfi,frodolfie7@shareasale.com,null,null
Kacie,Buist,kbuistc3@flickr.com,null,null
Ulrika,Fallanche,ufallanchene@rediff.com,null,null
Valeda,Ackenson,vackenson4u@cisco.com,null,null
Aldous,Iacovacci,aiacovaccid2@nydailynews.com,null,null
Royal,Giraths,rgirathsib@businessweek.com,null,null
Hilda,Leebeter,hleebeterw@fotki.com,null,null
Angie,Abethell,aabethelll9@weibo.com,null,null
Ozzy,Roycroft,oroycroftpg@reddit.com,null,null
Shawnee,Plum,splumiu@digg.com,null,null
Corliss,Wroth,cwroth3n@nba.com,null,null
Bendite,Callen,bcallen29@myspace.com,null,null
Vin,Morrow,vmorrowat@wordpress.com,null,null
Freeland,Millsap,fmillsapb8@uol.com.br,null,null
Almira,Gamblin,agamblinn3@blog.com,null,null
El,Vittore,evittoreor@purevolume.com,null,null
Carlynn,Dawnay,cdawnaygi@sphinn.com,null,null
Anjela,Geddis,ageddisi2@gizmodo.com,null,null
Augusto,Chaudron,achaudron5y@prnewswire.com,null,null
Laird,Frear,lfrearjb@blogspot.com,null,null
Reginauld,Simkins,rsimkinsdl@github.com,null,null
Janella,Surmon,jsurmonnr@webs.com,null,null
Evin,Santostefano.,esantostefano3r@canalblog.com,null,null
test,singh,test.345@gmail.com,L2L,null
Prtest,null,p@yopmail.com,null,null
Raghav,null,shacwcwre@tesg.com,null,null
Kanikanti Venkata,Raghavendra,raghavendrakvm@gsd.com,null,null
Kanikanti Venkata,Raghavendra,raghavendrakvm@edwarc.coma,null,null
Raghav,Raghavendra,ArticleShare@gmail.com,null,null
Priyanka,Test,misp@yopmail.com,null,null
test,form,testform98@yopmail.com,null,null
test,test67,test89@yopmail.com,null,null
test,test67,test89076@yopmail.com,null,null
test,test890,test780@yopmail.com,null,null
test,testyu,testyi@yopmail.com,null,null
Kanikanti Venkata,Kanikanti Venkata Mohana Raghavendra,ragha@gamil.com,null,null
Kanikanti Venkata,Raghavendra,ragaha@gamil.com,null,null
acf,ff,abvf@gmail.com,null,null
abhay,pal,palabhay23@gmail.com,null,null
Adeolu,Adesanya,adeoluadesanya@gmail.com,null,null
dsf,sdf,sdas@test.com,dsf,Bangladesh
Rishav,null,rrishavsingh2@gmail.com,null,null
Ryan,Jack,Ryan.Jack@google.com,Google,US
Felix,William,Felix.Williamtest@google.com,Google,US
Calista,Elijah,Calista.Elijahtest@google.com,Google,US
Vince,Adam,Vince.Adamtest@Aamzon.com,Amazon,US
Elizabeth,Adrian,Elizabeth.Adriantest@amazon.com,Amazon,US
Juan,David,Juan.David@example.com,CSC,US
null,null,testsingh123@gmail.com,null,null
Jessica,Kim,jessica.kim@mercygen.com,null,null
Patricia,Martinez,patricia.martinez@lakesidehosp.com,null,null
Joshua,Wright,joshua.wright@valleyreg.com,null,null
Jason,Morris,jason.morris@pacificheart.com,null,null
Angela,Green,angela.green@sunmed.com,null,null
Frank9,Stewart,frank8.stewart@pacificheart.com,null,null
Michelle,Turner,michelle.turner@valleyreg.com,null,null
Elizabeth,Scott,elizabeth.scott@sunmed.com,null,null
Frank14,Stewart,Frank14.stewart@xyz.com,null,null
dd,32f,d32d32@gmail.com,ABC,Canada
Saurav,S,drsaurav@yopmail.com,ABC,USA
Silven,Dysart,silven.dysart@inboxorigin.com,ABC,USA
Frank25,Stewart,Frank25.stewart@xyz.com,null,null
Frank27,Stewart,Frank27.stewart@xyz.com,null,null
Frank37,Stewart,Frank37.stewart@xyz.com,null,null
Frank42,Stewart,Frank42.stewart@xyz.com,null,null
Frank24,Stewart,Frank24.stewart@xyz.com,null,null
Harper,Jackson,harper.jackson@northstarsystems.com,null,null
Jackson,Jones,jackson.jones@acmeenterprises.com,null,null
Evelyn,Johnson,evelyn.johnson@acmetechnologies.com,null,null
Olivia,Lopez,olivia.lopez@crescentcorp.com,null,null
Isabella,Jackson,isabella.jackson@apexenterprises.com,null,null
Emily,Brown,emily.brown@northstarsystems.com,null,null
Ava,Miller,ava.miller@acmeindustries.com,null,null
Jayden,Lopez,jayden.lopez@blueoakcorp.com,null,null
Ethan,Jackson,ethan.jackson@acmepartners.com,null,null
Amelia,Wilson,amelia.wilson@crescentpartners.com,null,null
Ava,Williams,ava.williams@nimbustechnologies.com,null,null
Abigail,Garcia,abigail.garcia@nimbustechnologies.com,null,null
Evelyn,Anderson,evelyn.anderson@northstartechnolog.com,null,null
Avery,Garcia,avery.garcia@nimbusholdings.com,null,null
Liam,Martinez,liam.martinez@pioneerpartners.com,null,null
Aiden,Thomas,aiden.thomas@acmecorp.com,null,null
Elijah,Hernandez,elijah.hernandez@apexsystems.com,null,null
Ella,Jackson,ella.jackson@northstartechnolog.com,null,null
Avery,Lopez,avery.lopez@pioneerpartners.com,null,null
Amelia,Brown,amelia.brown@nimbuspartners.com,null,null
Mateo,Hernandez,mateo.hernandez@blueoaktechnologie.com,null,null
Leo,Miller,leo.miller@apextechnologies.com,null,null
Lucas,Davis,lucas.davis@crescentpartners.com,null,null
Mateo,Martinez,mateo.martinez@vertextechnologies.com,null,null
Evelyn,Miller,evelyn.miller@pioneersystems.com,null,null
Liam,Gonzalez,liam.gonzalez@apexenterprises.com,null,null
Logan,Martinez,logan.martinez@acmeenterprises.com,null,null
Ethan,Taylor,ethan.taylor@blueoakgroup.com,null,null
Amelia,Brown,amelia.brown@crescenttechnologi.com,null,null
Logan,Lopez,logan.lopez@pioneergroup.com,null,null
Asher,Miller,asher.miller@crescentpartners.com,null,null
Aiden,Hernandez,aiden.hernandez@apexsystems.com,null,null
Liam,Martinez,liam.martinez@crescentcorp.com,null,null
Mia,Martinez,mia.martinez@vertexsystems.com,null,null
Mateo,Davis,mateo.davis@northstartechnolog.com,null,null
Liam,Smith,liam.smith@pioneerpartners.com,null,null
Liam,Moore,liam.moore@northstarcorp.com,null,null
Liam,Brown,liam.brown@pioneergroup.com,null,null
Emily,Martinez,emily.martinez@crescentcorp.com,null,null
Noah,Anderson,noah.anderson@crescenttechnologi.com,null,null
Harper,Rodriguez,harper.rodriguez@northstarpartners.com,null,null
Amelia,Garcia,amelia.garcia@apexcorp.com,null,null
Elijah,Gonzalez,elijah.gonzalez@blueoakgroup.com,null,null
Mateo,Jones,mateo.jones@northstargroup.com,null,null
Jackson,Gonzalez,jackson.gonzalez@crescentpartners.com,null,null
Mia,Jackson,mia.jackson@vertexindustries.com,null,null
Emily,Jackson,emily.jackson@pioneercorp.com,null,null
Jackson,Davis,jackson.davis@crescenttechnologi.com,null,null
Isabella,Jones,isabella.jones@pioneerpartners.com,null,null
Noah,Jones,noah.jones@nimbusenterprises.com,null,null
Logan,Moore,logan.moore@acmesystems.com,null,null
Olivia,Gonzalez,olivia.gonzalez@vertextechnologies.com,null,null
Abigail,Jackson,abigail.jackson@northstartechnolog.com,null,null
Ethan,Smith,ethan.smith@vertexsystems.com,null,null
Jackson,Williams,jackson.williams@pioneertechnologie.com,null,null
Isabella,Davis,isabella.davis@northstarcorp.com,null,null
Amelia,Johnson,amelia.johnson@acmetechnologies.com,null,null
Mia,Miller,mia.miller@northstarsystems.com,null,null
Mateo,Martinez,mateo.martinez@pioneergroup.com,null,null
Sophia,Gonzalez,sophia.gonzalez@vertexindustries.com,null,null
Ethan,Johnson,ethan.johnson@northstargroup.com,null,null
Asher,Jackson,asher.jackson@pioneersystems.com,null,null
Asher,Williams,asher.williams@pioneergroup.com,null,null
Elijah,Anderson,elijah.anderson@pioneerpartners.com,null,null
Ella,Martinez,ella.martinez@crescentcorp.com,null,null
Olivia,Taylor,olivia.taylor@northstarcorp.com,null,null
Aiden,Jackson,aiden.jackson@apexcorp.com,null,null
Avery,Brown,avery.brown@apexcorp.com,null,null
Ethan,Gonzalez,ethan.gonzalez@crescententerprise.com,null,null
Avery,Williams,avery.williams@vertexholdings.com,null,null
Aiden,Anderson,aiden.anderson@vertexsystems.com,null,null
Evelyn,Smith,evelyn.smith@nimbusholdings.com,null,null
Asher,Thomas,asher.thomas@acmetechnologies.com,null,null
Jayden,Anderson,jayden.anderson@vertexcorp.com,null,null
Sophia,Brown,sophia.brown@vertexindustries.com,null,null
Mateo,Taylor,mateo.taylor@crescentpartners.com,null,null
Logan,Martinez,logan.martinez@blueoaksystems.com,null,null
Abigail,Miller,abigail.miller@apexcorp.com,null,null
Noah,Smith,noah.smith@vertexsystems.com,null,null
Aiden,Jones,aiden.jones@vertextechnologies.com,null,null
Jackson,Miller,jackson.miller@crescenttechnologi.com,null,null
Logan,Rodriguez,logan.rodriguez@nimbustechnologies.com,null,null
Emily,Williams,emily.williams@crescenttechnologi.com,null,null
Emily,Thomas,emily.thomas@crescentgroup.com,null,null
Amelia,Jackson,amelia.jackson@apexsystems.com,null,null
Mateo,Williams,mateo.williams@vertexcorp.com,null,null
Avery,Smith,avery.smith@blueoakgroup.com,null,null
Asher,Brown,asher.brown@northstarsystems.com,null,null
Abigail,Garcia,abigail.garcia@northstarpartners.com,null,null
Ava,Wilson,ava.wilson@nimbustechnologies.com,null,null
Sophia,Smith,sophia.smith@northstarsystems.com,null,null
Logan,Thomas,logan.thomas@acmeenterprises.com,null,null
Ava,Wilson,ava.wilson@acmegroup.com,null,null
Abigail,Williams,abigail.williams@vertexindustries.com,null,null
Isabella,Jones,isabella.jones@blueoakgroup.com,null,null
Lucas,Taylor,lucas.taylor@apexenterprises.com,null,null
Elijah,Martin,elijah.martin@blueoakpartners.com,null,null
Sophia,Moore,sophia.moore@pioneergroup.com,null,null
Liam,Gonzalez,liam.gonzalez@crescentcorp.com,null,null
Abigail,Hernandez,abigail.hernandez@nimbustechnologies.com,null,null
Logan,Jackson,logan.jackson@apexcorp.com,null,null
Emily,Wilson,emily.wilson@blueoakcorp.com,null,null
Harper,Rodriguez,harper.rodriguez@acmegroup.com,null,null
Abigail,Brown,abigail.brown@vertexenterprises.com,null,null
Lucas,Taylor,lucas.taylor@crescententerprise.com,null,null
Ethan,Martin,ethan.martin@blueoaksystems.com,null,null
Liam,Davis,liam.davis@northstargroup.com,null,null
Sophia,Anderson,sophia.anderson@pioneercorp.com,null,null
Mia,Jackson,mia.jackson@northstarpartners.com,null,null
Amelia,Thomas,amelia.thomas@nimbusholdings.com,null,null
Ella,Anderson,ella.anderson@crescenttechnologi.com,null,null
Ava,Miller,ava.miller@pioneerpartners.com,null,null
Ethan,Jackson,ethan.jackson@pioneersystems.com,null,null
Emily,Davis,emily.davis@northstargroup.com,null,null
Emily,Williams,emily.williams@vertexgroup.com,null,null
Amelia,Wilson,amelia.wilson@nimbustechnologies.com,null,null
Harper,Jones,harper.jones@acmeindustries.com,null,null
Harper,Lopez,harper.lopez@northstarholdings.com,null,null
Ava,Moore,ava.moore@acmecorp.com,null,null
Ava,Rodriguez,ava.rodriguez@acmecorp.com,null,null
Ella,Wilson,ella.wilson@vertexcorp.com,null,null
Liam,Williams,liam.williams@crescenttechnologi.com,null,null
Noah,Rodriguez,noah.rodriguez@crescenttechnologi.com,null,null
Ethan,Moore,ethan.moore@crescentholdings.com,null,null
Ava,Wilson,ava.wilson@acmecorp.com,null,null
Mateo,Martinez,mateo.martinez@northstarcorp.com,null,null
Aiden,Hernandez,aiden.hernandez@blueoaksystems.com,null,null
Mateo,Taylor,mateo.taylor@pioneerpartners.com,null,null
Jayden,Davis,jayden.davis@nimbusindustries.com,null,null
Noah,Martin,noah.martin@northstarsystems.com,null,null
Sophia,Gonzalez,sophia.gonzalez@crescenttechnologi.com,null,null
Mia,Hernandez,mia.hernandez@apexsystems.com,null,null
Mia,Johnson,mia.johnson@northstarcorp.com,null,null
Emily,Lopez,emily.lopez@nimbusholdings.com,null,null
Mia,Jackson,mia.jackson@vertexsystems.com,null,null
Amelia,Smith,amelia.smith@vertexgroup.com,null,null
Sophia,Garcia,sophia.garcia@pioneerholdings.com,null,null
Mia,Taylor,mia.taylor@crescentpartners.com,null,null
Abigail,Smith,abigail.smith@blueoaktechnologie.com,null,null
Ethan,Lopez,ethan.lopez@northstartechnolog.com,null,null
Amelia,Lopez,amelia.lopez@acmeenterprises.com,null,null
Asher,Martin,asher.martin@pioneerpartners.com,null,null
Elijah,Martin,elijah.martin@vertexholdings.com,null,null
Emily,Martinez,emily.martinez@crescenttechnologi.com,null,null
Harper,Smith,harper.smith@vertexpartners.com,null,null
Sophia,Taylor,sophia.taylor@northstargroup.com,null,null
Avery,Rodriguez,avery.rodriguez@pioneerpartners.com,null,null
Leo,Smith,leo.smith@pioneertechnologie.com,null,null
Ella,Davis,ella.davis@apexcorp.com,null,null
Isabella,Gonzalez,isabella.gonzalez@northstartechnolog.com,null,null
Mateo,Martinez,mateo.martinez@acmetechnologies.com,null,null
Amelia,Lopez,amelia.lopez@vertexsystems.com,null,null
Aiden,Taylor,aiden.taylor@acmeindustries.com,null,null
Lucas,Brown,lucas.brown@blueoakpartners.com,null,null
Leo,Moore,leo.moore@crescenttechnologi.com,null,null
Emily,Lopez,emily.lopez@northstarpartners.com,null,null
Harper,Brown,harper.brown@acmepartners.com,null,null
Elijah,Jackson,elijah.jackson@vertexcorp.com,null,null
Mia,Williams,mia.williams@vertexindustries.com,null,null
Ella,Smith,ella.smith@northstarcorp.com,null,null
Mia,Anderson,mia.anderson@acmesystems.com,null,null
Jayden,Miller,jayden.miller@northstarcorp.com,null,null
Mateo,Gonzalez,mateo.gonzalez@pioneergroup.com,null,null
Amelia,Jackson,amelia.jackson@northstargroup.com,null,null
Mia,Lopez,mia.lopez@crescentholdings.com,null,null
Asher,Martin,asher.martin@northstartechnolog.com,null,null
Amelia,Brown,amelia.brown@blueoakpartners.com,null,null
Logan,Williams,logan.williams@apextechnologies.com,null,null
Jayden,Jones,jayden.jones@apextechnologies.com,null,null
Avery,Johnson,avery.johnson@pioneerpartners.com,null,null
Mateo,Brown,mateo.brown@nimbusenterprises.com,null,null
Mia,Moore,mia.moore@vertexsystems.com,null,null
Leo,Davis,leo.davis@blueoakcorp.com,null,null
Ava,Johnson,ava.johnson@northstarsystems.com,null,null
Liam,Taylor,liam.taylor@pioneergroup.com,null,null
Avery,Moore,avery.moore@blueoakpartners.com,null,null
Liam,Martin,liam.martin@pioneerholdings.com,null,null
Jayden,Johnson,jayden.johnson@vertexsystems.com,null,null
Jayden,Johnson,jayden.johnson@northstartechnolog.com,null,null
Jackson,Smith,jackson.smith@crescententerprise.com,null,null
Evelyn,Davis,evelyn.davis@nimbustechnologies.com,null,null
Emily,Garcia,emily.garcia@northstargroup.com,null,null
Ella,Moore,ella.moore@apexcorp.com,null,null
Mia,Wilson,mia.wilson@crescentholdings.com,null,null
Olivia,Gonzalez,olivia.gonzalez@blueoaksystems.com,null,null
Logan,Moore,logan.moore@vertexgroup.com,null,null
Ella,Johnson,ella.johnson@crescentcorp.com,null,null
Jackson,Lopez,jackson.lopez@vertexholdings.com,null,null
Noah,Jackson,noah.jackson@vertexholdings.com,null,null
Harper,Jones,harper.jones@vertexholdings.com,null,null
Harper,Taylor,harper.taylor@apexpartners.com,null,null
Olivia,Gonzalez,olivia.gonzalez@crescenttechnologi.com,null,null
Elijah,Smith,elijah.smith@vertexcorp.com,null,null
Mateo,Johnson,mateo.johnson@crescenttechnologi.com,null,null
Aiden,Jones,aiden.jones@northstargroup.com,null,null
Lucas,Jackson,lucas.jackson@northstarsystems.com,null,null
Olivia,Williams,olivia.williams@nimbusholdings.com,null,null
Emily,Martinez,emily.martinez@vertexpartners.com,null,null
Logan,Moore,logan.moore@northstarpartners.com,null,null
Amelia,Gonzalez,amelia.gonzalez@northstargroup.com,null,null
Liam,Martinez,liam.martinez@pioneergroup.com,null,null
Ava,Jones,ava.jones@crescententerprise.com,null,null
Ava,Lopez,ava.lopez@crescentholdings.com,null,null
Asher,Lopez,asher.lopez@nimbusindustries.com,null,null
Liam,Rodriguez,liam.rodriguez@crescentsystems.com,null,null
Evelyn,Hernandez,evelyn.hernandez@blueoaksystems.com,null,null
Mateo,Garcia,mateo.garcia@crescenttechnologi.com,null,null
Olivia,Thomas,olivia.thomas@vertexenterprises.com,null,null
Evelyn,Thomas,evelyn.thomas@pioneerholdings.com,null,null
Logan,Thomas,logan.thomas@blueoaksystems.com,null,null
Noah,Martinez,noah.martinez@pioneergroup.com,null,null
Isabella,Wilson,isabella.wilson@northstartechnolog.com,null,null
Emily,Taylor,emily.taylor@apextechnologies.com,null,null
Ava,Gonzalez,ava.gonzalez@vertexgroup.com,null,null
Mateo,Jones,mateo.jones@northstarsystems.com,null,null
Evelyn,Martinez,evelyn.martinez@apexsystems.com,null,null
Abigail,Rodriguez,abigail.rodriguez@northstarcorp.com,null,null
Emily,Moore,emily.moore@acmeenterprises.com,null,null
Abigail,Taylor,abigail.taylor@pioneerholdings.com,null,null
Leo,Smith,leo.smith@crescentpartners.com,null,null
Ethan,Garcia,ethan.garcia@apexcorp.com,null,null
Jackson,Anderson,jackson.anderson@blueoaksystems.com,null,null
Ethan,Lopez,ethan.lopez@crescenttechnologi.com,null,null
Sophia,Miller,sophia.miller@northstarholdings.com,null,null
Aiden,Martinez,aiden.martinez@vertexsystems.com,null,null
Elijah,Thomas,elijah.thomas@vertexcorp.com,null,null
Ethan,Moore,ethan.moore@northstarpartners.com,null,null
Ella,Moore,ella.moore@vertexpartners.com,null,null
Ella,Martin,ella.martin@apexsystems.com,null,null
